run_start_year,window,file,report_edge_id,condition,direction,hold_bars,test_expectancy_r,test_pf,test_n_trades,test_year,magic,truncated
2010,0010,run_2010/window_0010/XAUUSD_M5_run2010_w0010.mq5,XAUUSD_M5_1,rsi_21 < 20.0,long,144,1.6948,1.31,71,2023,7000010,no
2010,0011,run_2010/window_0011/XAUUSD_M5_run2010_w0011.mq5,XAUUSD_M5_45,rsi_21 < 25.0 AND cci_14 < -100.0 AND mom_10 > 0.0,long,59,0.8218,1.29,336,2024,7000011,no
2010,0012,run_2010/window_0012/XAUUSD_M5_run2010_w0012.mq5,XAUUSD_M5_40,rsi_21 < 25.0 AND ma_5_sma > close AND mom_10 > 0.0,long,116,1.3110,1.63,317,2025,7000012,yes
2011,0009,run_2011/window_0009/XAUUSD_M5_run2011_w0009.mq5,XAUUSD_M5_1,rsi_21 < 20.0,long,144,1.6948,1.31,71,2023,7001009,no
2011,0010,run_2011/window_0010/XAUUSD_M5_run2011_w0010.mq5,XAUUSD_M5_45,rsi_21 < 25.0 AND cci_14 < -100.0 AND mom_10 > 0.0,long,59,0.8218,1.29,336,2024,7001010,no
2011,0011,run_2011/window_0011/XAUUSD_M5_run2011_w0011.mq5,XAUUSD_M5_40,rsi_21 < 25.0 AND ma_5_sma > close AND mom_10 > 0.0,long,116,1.3110,1.63,317,2025,7001011,yes
2012,0008,run_2012/window_0008/XAUUSD_M5_run2012_w0008.mq5,XAUUSD_M5_1,rsi_21 < 20.0,long,144,1.6948,1.31,71,2023,7002008,no
2012,0009,run_2012/window_0009/XAUUSD_M5_run2012_w0009.mq5,XAUUSD_M5_45,rsi_21 < 25.0 AND cci_14 < -100.0 AND mom_10 > 0.0,long,59,0.8218,1.29,336,2024,7002009,no
2012,0010,run_2012/window_0010/XAUUSD_M5_run2012_w0010.mq5,XAUUSD_M5_40,rsi_21 < 25.0 AND ma_5_sma > close AND mom_10 > 0.0,long,116,1.3110,1.63,317,2025,7002010,yes
2013,0007,run_2013/window_0007/XAUUSD_M5_run2013_w0007.mq5,XAUUSD_M5_1,rsi_21 < 20.0,long,144,1.6948,1.31,71,2023,7003007,no
2013,0008,run_2013/window_0008/XAUUSD_M5_run2013_w0008.mq5,XAUUSD_M5_45,rsi_21 < 25.0 AND cci_14 < -100.0 AND mom_10 > 0.0,long,59,0.8218,1.29,336,2024,7003008,no
2013,0009,run_2013/window_0009/XAUUSD_M5_run2013_w0009.mq5,XAUUSD_M5_40,rsi_21 < 25.0 AND ma_5_sma > close AND mom_10 > 0.0,long,116,1.3110,1.63,317,2025,7003009,yes
2014,0006,run_2014/window_0006/XAUUSD_M5_run2014_w0006.mq5,XAUUSD_M5_1,rsi_21 < 20.0,long,144,1.6948,1.31,71,2023,7004006,no
2014,0007,run_2014/window_0007/XAUUSD_M5_run2014_w0007.mq5,XAUUSD_M5_45,rsi_21 < 25.0 AND cci_14 < -100.0 AND mom_10 > 0.0,long,59,0.8218,1.29,336,2024,7004007,no
2014,0008,run_2014/window_0008/XAUUSD_M5_run2014_w0008.mq5,XAUUSD_M5_40,rsi_21 < 25.0 AND ma_5_sma > close AND mom_10 > 0.0,long,116,1.3110,1.63,317,2025,7004008,yes
2015,0005,run_2015/window_0005/XAUUSD_M5_run2015_w0005.mq5,XAUUSD_M5_1,rsi_21 < 20.0,long,144,1.6948,1.31,71,2023,7005005,no
2015,0006,run_2015/window_0006/XAUUSD_M5_run2015_w0006.mq5,XAUUSD_M5_45,rsi_21 < 25.0 AND cci_14 < -100.0 AND mom_10 > 0.0,long,59,0.8218,1.29,336,2024,7005006,no
2015,0007,run_2015/window_0007/XAUUSD_M5_run2015_w0007.mq5,XAUUSD_M5_40,rsi_21 < 25.0 AND ma_5_sma > close AND mom_10 > 0.0,long,116,1.3110,1.63,317,2025,7005007,yes
2016,0004,run_2016/window_0004/XAUUSD_M5_run2016_w0004.mq5,XAUUSD_M5_1,rsi_21 < 20.0,long,144,1.6948,1.31,71,2023,7006004,no
2016,0005,run_2016/window_0005/XAUUSD_M5_run2016_w0005.mq5,XAUUSD_M5_45,rsi_21 < 25.0 AND cci_14 < -100.0 AND mom_10 > 0.0,long,59,0.8218,1.29,336,2024,7006005,no
2016,0006,run_2016/window_0006/XAUUSD_M5_run2016_w0006.mq5,XAUUSD_M5_40,rsi_21 < 25.0 AND ma_5_sma > close AND mom_10 > 0.0,long,116,1.3110,1.63,317,2025,7006006,yes
2017,0003,run_2017/window_0003/XAUUSD_M5_run2017_w0003.mq5,XAUUSD_M5_1,rsi_21 < 20.0,long,144,1.6948,1.31,71,2023,7007003,no
2017,0004,run_2017/window_0004/XAUUSD_M5_run2017_w0004.mq5,XAUUSD_M5_45,rsi_21 < 25.0 AND cci_14 < -100.0 AND mom_10 > 0.0,long,59,0.8218,1.29,336,2024,7007004,no
2017,0005,run_2017/window_0005/XAUUSD_M5_run2017_w0005.mq5,XAUUSD_M5_40,rsi_21 < 25.0 AND ma_5_sma > close AND mom_10 > 0.0,long,116,1.3110,1.63,317,2025,7007005,yes
2018,0002,run_2018/window_0002/XAUUSD_M5_run2018_w0002.mq5,XAUUSD_M5_1,rsi_21 < 20.0,long,144,1.6948,1.31,71,2023,7008002,no
2018,0003,run_2018/window_0003/XAUUSD_M5_run2018_w0003.mq5,XAUUSD_M5_45,rsi_21 < 25.0 AND cci_14 < -100.0 AND mom_10 > 0.0,long,59,0.8218,1.29,336,2024,7008003,no
2018,0004,run_2018/window_0004/XAUUSD_M5_run2018_w0004.mq5,XAUUSD_M5_40,rsi_21 < 25.0 AND ma_5_sma > close AND mom_10 > 0.0,long,116,1.3110,1.63,317,2025,7008004,yes
2019,0001,run_2019/window_0001/XAUUSD_M5_run2019_w0001.mq5,XAUUSD_M5_1,rsi_21 < 20.0,long,144,1.6948,1.31,71,2023,7009001,no
2019,0002,run_2019/window_0002/XAUUSD_M5_run2019_w0002.mq5,XAUUSD_M5_45,rsi_21 < 25.0 AND cci_14 < -100.0 AND mom_10 > 0.0,long,59,0.8218,1.29,336,2024,7009002,no
2019,0003,run_2019/window_0003/XAUUSD_M5_run2019_w0003.mq5,XAUUSD_M5_40,rsi_21 < 25.0 AND ma_5_sma > close AND mom_10 > 0.0,long,116,1.3110,1.63,317,2025,7009003,yes
2020,0000,run_2020/window_0000/XAUUSD_M5_run2020_w0000.mq5,XAUUSD_M5_1,rsi_21 < 20.0,long,144,1.6948,1.31,71,2023,7010000,no
2020,0001,run_2020/window_0001/XAUUSD_M5_run2020_w0001.mq5,XAUUSD_M5_45,rsi_21 < 25.0 AND cci_14 < -100.0 AND mom_10 > 0.0,long,59,0.8218,1.29,336,2024,7010001,no
2020,0002,run_2020/window_0002/XAUUSD_M5_run2020_w0002.mq5,XAUUSD_M5_40,rsi_21 < 25.0 AND ma_5_sma > close AND mom_10 > 0.0,long,116,1.3110,1.63,317,2025,7010002,yes
2021,0000,run_2021/window_0000/XAUUSD_M5_run2021_w0000.mq5,XAUUSD_M5_45,rsi_21 < 25.0 AND cci_14 < -100.0 AND mom_10 > 0.0,long,59,0.8218,1.29,336,2024,7011000,no
2021,0001,run_2021/window_0001/XAUUSD_M5_run2021_w0001.mq5,XAUUSD_M5_40,rsi_21 < 25.0 AND ma_5_sma > close AND mom_10 > 0.0,long,116,1.3110,1.63,317,2025,7011001,yes
