run_start_year,window,file,report_edge_id,condition,direction,hold_bars,test_expectancy_r,test_pf,test_n_trades,test_year,magic
2010,0000,run_2010/window_0000/EURUSD_H1_run2010_w0000.mq5,EURUSD_H1_1,rsi_7 > 70.0,short,12,0.1165,1.20,850,2013,9000000
2010,0001,run_2010/window_0001/EURUSD_H1_run2010_w0001.mq5,EURUSD_H1_50,rsi_7 > 75.0 AND stoch_5_3_3_k > 70.0 AND mom_10 > 0.0,short,11,0.6403,1.79,281,2014,9000001
2010,0002,run_2010/window_0002/EURUSD_H1_run2010_w0002.mq5,EURUSD_H1_174,stoch_14_3_3_k > 70.0 AND cci_20 > 100.0 AND ma_5_ema < close AND mom_10 > 0.0,short,12,0.0317,1.01,902,2015,9000002
2010,0003,run_2010/window_0003/EURUSD_H1_run2010_w0003.mq5,EURUSD_H1_53,rsi_7 > 80.0 AND stoch_14_3_3_k > 80.0,short,12,0.0326,1.26,200,2016,9000003
2010,0006,run_2010/window_0006/EURUSD_H1_run2010_w0006.mq5,EURUSD_H1_97,stoch_14_3_3_k > 80.0 AND cci_14 > 50.0 AND ma_5_lwma < close AND mom_10 > 0.0,short,11,0.0268,1.01,819,2019,9000006
2010,0011,run_2010/window_0011/EURUSD_H1_run2010_w0011.mq5,EURUSD_H1_29,cci_14 > 100.0 AND mom_10 > 0.0,short,12,0.0345,1.14,1211,2024,9000011
2011,0000,run_2011/window_0000/EURUSD_H1_run2011_w0000.mq5,EURUSD_H1_50,rsi_7 > 75.0 AND stoch_5_3_3_k > 70.0 AND mom_10 > 0.0,short,11,0.6403,1.79,281,2014,9001000
2011,0001,run_2011/window_0001/EURUSD_H1_run2011_w0001.mq5,EURUSD_H1_174,stoch_14_3_3_k > 70.0 AND cci_20 > 100.0 AND ma_5_ema < close AND mom_10 > 0.0,short,12,0.0317,1.01,902,2015,9001001
2011,0002,run_2011/window_0002/EURUSD_H1_run2011_w0002.mq5,EURUSD_H1_53,rsi_7 > 80.0 AND stoch_14_3_3_k > 80.0,short,12,0.0326,1.26,200,2016,9001002
2011,0005,run_2011/window_0005/EURUSD_H1_run2011_w0005.mq5,EURUSD_H1_97,stoch_14_3_3_k > 80.0 AND cci_14 > 50.0 AND ma_5_lwma < close AND mom_10 > 0.0,short,11,0.0268,1.01,819,2019,9001005
2011,0010,run_2011/window_0010/EURUSD_H1_run2011_w0010.mq5,EURUSD_H1_29,cci_14 > 100.0 AND mom_10 > 0.0,short,12,0.0345,1.14,1211,2024,9001010
2012,0000,run_2012/window_0000/EURUSD_H1_run2012_w0000.mq5,EURUSD_H1_174,stoch_14_3_3_k > 70.0 AND cci_20 > 100.0 AND ma_5_ema < close AND mom_10 > 0.0,short,12,0.0317,1.01,902,2015,9002000
2012,0001,run_2012/window_0001/EURUSD_H1_run2012_w0001.mq5,EURUSD_H1_53,rsi_7 > 80.0 AND stoch_14_3_3_k > 80.0,short,12,0.0326,1.26,200,2016,9002001
2012,0004,run_2012/window_0004/EURUSD_H1_run2012_w0004.mq5,EURUSD_H1_97,stoch_14_3_3_k > 80.0 AND cci_14 > 50.0 AND ma_5_lwma < close AND mom_10 > 0.0,short,11,0.0268,1.01,819,2019,9002004
2012,0009,run_2012/window_0009/EURUSD_H1_run2012_w0009.mq5,EURUSD_H1_29,cci_14 > 100.0 AND mom_10 > 0.0,short,12,0.0345,1.14,1211,2024,9002009
2013,0000,run_2013/window_0000/EURUSD_H1_run2013_w0000.mq5,EURUSD_H1_53,rsi_7 > 80.0 AND stoch_14_3_3_k > 80.0,short,12,0.0326,1.26,200,2016,9003000
2013,0003,run_2013/window_0003/EURUSD_H1_run2013_w0003.mq5,EURUSD_H1_97,stoch_14_3_3_k > 80.0 AND cci_14 > 50.0 AND ma_5_lwma < close AND mom_10 > 0.0,short,11,0.0268,1.01,819,2019,9003003
2013,0008,run_2013/window_0008/EURUSD_H1_run2013_w0008.mq5,EURUSD_H1_29,cci_14 > 100.0 AND mom_10 > 0.0,short,12,0.0345,1.14,1211,2024,9003008
2014,0002,run_2014/window_0002/EURUSD_H1_run2014_w0002.mq5,EURUSD_H1_97,stoch_14_3_3_k > 80.0 AND cci_14 > 50.0 AND ma_5_lwma < close AND mom_10 > 0.0,short,11,0.0268,1.01,819,2019,9004002
2014,0007,run_2014/window_0007/EURUSD_H1_run2014_w0007.mq5,EURUSD_H1_29,cci_14 > 100.0 AND mom_10 > 0.0,short,12,0.0345,1.14,1211,2024,9004007
2015,0001,run_2015/window_0001/EURUSD_H1_run2015_w0001.mq5,EURUSD_H1_97,stoch_14_3_3_k > 80.0 AND cci_14 > 50.0 AND ma_5_lwma < close AND mom_10 > 0.0,short,11,0.0268,1.01,819,2019,9005001
2015,0006,run_2015/window_0006/EURUSD_H1_run2015_w0006.mq5,EURUSD_H1_29,cci_14 > 100.0 AND mom_10 > 0.0,short,12,0.0345,1.14,1211,2024,9005006
2016,0000,run_2016/window_0000/EURUSD_H1_run2016_w0000.mq5,EURUSD_H1_97,stoch_14_3_3_k > 80.0 AND cci_14 > 50.0 AND ma_5_lwma < close AND mom_10 > 0.0,short,11,0.0268,1.01,819,2019,9006000
2016,0005,run_2016/window_0005/EURUSD_H1_run2016_w0005.mq5,EURUSD_H1_29,cci_14 > 100.0 AND mom_10 > 0.0,short,12,0.0345,1.14,1211,2024,9006005
2017,0004,run_2017/window_0004/EURUSD_H1_run2017_w0004.mq5,EURUSD_H1_29,cci_14 > 100.0 AND mom_10 > 0.0,short,12,0.0345,1.14,1211,2024,9007004
2018,0003,run_2018/window_0003/EURUSD_H1_run2018_w0003.mq5,EURUSD_H1_29,cci_14 > 100.0 AND mom_10 > 0.0,short,12,0.0345,1.14,1211,2024,9008003
2019,0002,run_2019/window_0002/EURUSD_H1_run2019_w0002.mq5,EURUSD_H1_29,cci_14 > 100.0 AND mom_10 > 0.0,short,12,0.0345,1.14,1211,2024,9009002
2020,0001,run_2020/window_0001/EURUSD_H1_run2020_w0001.mq5,EURUSD_H1_29,cci_14 > 100.0 AND mom_10 > 0.0,short,12,0.0345,1.14,1211,2024,9010001
2021,0000,run_2021/window_0000/EURUSD_H1_run2021_w0000.mq5,EURUSD_H1_29,cci_14 > 100.0 AND mom_10 > 0.0,short,12,0.0345,1.14,1211,2024,9011000
