run,window,file,edge_id,condition,direction,hold_bars,test_expectancy_r,test_pf,test_n_trades,train_period,test_period,magic
2010,0002,run_2010/EURUSD_M5_run2010_window0002.mq5,EURUSD_M5_2,"stoch_14_3_3_k < 20.0 AND ma_10_ema < close",short,122,1.4739,1.19,272,"2012-01-02 00:00 .. 2014-12-31 19:55","2015-01-02 09:00 .. 2015-12-31 20:00",520100002
2010,0003,run_2010/EURUSD_M5_run2010_window0003.mq5,EURUSD_M5_121,"rsi_14 > 75.0 AND stoch_14_3_3_k > 80.0 AND mom_10 > -5.0",short,138,0.8530,1.42,786,"2013-01-01 23:00 .. 2015-12-31 20:00","2016-01-04 00:00 .. 2016-12-30 23:55",520100003
2010,0005,run_2010/EURUSD_M5_run2010_window0005.mq5,EURUSD_M5_6,"rsi_14 > 75.0 AND stoch_5_3_3_k > 80.0",short,114,0.7807,1.42,630,"2015-01-02 09:00 .. 2017-12-29 23:55","2018-01-02 00:00 .. 2018-12-31 22:55",520100005
2011,0001,run_2011/EURUSD_M5_run2011_window0001.mq5,EURUSD_M5_2,"stoch_14_3_3_k < 20.0 AND ma_10_ema < close",short,122,1.4739,1.19,272,"2012-01-02 00:00 .. 2014-12-31 19:55","2015-01-02 09:00 .. 2015-12-31 20:00",520110001
2011,0002,run_2011/EURUSD_M5_run2011_window0002.mq5,EURUSD_M5_121,"rsi_14 > 75.0 AND stoch_14_3_3_k > 80.0 AND mom_10 > -5.0",short,138,0.8530,1.42,786,"2013-01-01 23:00 .. 2015-12-31 20:00","2016-01-04 00:00 .. 2016-12-30 23:55",520110002
2011,0004,run_2011/EURUSD_M5_run2011_window0004.mq5,EURUSD_M5_6,"rsi_14 > 75.0 AND stoch_5_3_3_k > 80.0",short,114,0.7807,1.42,630,"2015-01-02 09:00 .. 2017-12-29 23:55","2018-01-02 00:00 .. 2018-12-31 22:55",520110004
2012,0000,run_2012/EURUSD_M5_run2012_window0000.mq5,EURUSD_M5_2,"stoch_14_3_3_k < 20.0 AND ma_10_ema < close",short,122,1.4739,1.19,272,"2012-01-02 00:00 .. 2014-12-31 19:55","2015-01-02 09:00 .. 2015-12-31 20:00",520120000
2012,0001,run_2012/EURUSD_M5_run2012_window0001.mq5,EURUSD_M5_121,"rsi_14 > 75.0 AND stoch_14_3_3_k > 80.0 AND mom_10 > -5.0",short,138,0.8530,1.42,786,"2013-01-01 23:00 .. 2015-12-31 20:00","2016-01-04 00:00 .. 2016-12-30 23:55",520120001
2012,0003,run_2012/EURUSD_M5_run2012_window0003.mq5,EURUSD_M5_6,"rsi_14 > 75.0 AND stoch_5_3_3_k > 80.0",short,114,0.7807,1.42,630,"2015-01-02 09:00 .. 2017-12-29 23:55","2018-01-02 00:00 .. 2018-12-31 22:55",520120003
2013,0000,run_2013/EURUSD_M5_run2013_window0000.mq5,EURUSD_M5_121,"rsi_14 > 75.0 AND stoch_14_3_3_k > 80.0 AND mom_10 > -5.0",short,138,0.8530,1.42,786,"2013-01-01 23:00 .. 2015-12-31 20:00","2016-01-04 00:00 .. 2016-12-30 23:55",520130000
2013,0002,run_2013/EURUSD_M5_run2013_window0002.mq5,EURUSD_M5_6,"rsi_14 > 75.0 AND stoch_5_3_3_k > 80.0",short,114,0.7807,1.42,630,"2015-01-02 09:00 .. 2017-12-29 23:55","2018-01-02 00:00 .. 2018-12-31 22:55",520130002
2014,0001,run_2014/EURUSD_M5_run2014_window0001.mq5,EURUSD_M5_6,"rsi_14 > 75.0 AND stoch_5_3_3_k > 80.0",short,114,0.7807,1.42,630,"2015-01-02 09:00 .. 2017-12-29 23:55","2018-01-02 00:00 .. 2018-12-31 22:55",520140001
2015,0000,run_2015/EURUSD_M5_run2015_window0000.mq5,EURUSD_M5_6,"rsi_14 > 75.0 AND stoch_5_3_3_k > 80.0",short,114,0.7807,1.42,630,"2015-01-02 09:00 .. 2017-12-29 23:55","2018-01-02 00:00 .. 2018-12-31 22:55",520150000
