run_start_year,window,file,report_edge_id,condition,hold_bars,test_expectancy_r,test_pf,test_n_trades,test_year,magic,truncated
2010,0008,run_2010/window_0008/XAUUSD_M1_run2010_w0008.mq5,XAUUSD_M1_10,rsi_21 < 20.0 AND mom_10 > 0.0,362,0.6881,1.88,337,2021,8000008,no
2010,0009,run_2010/window_0009/XAUUSD_M1_run2010_w0009.mq5,XAUUSD_M1_6,rsi_21 < 20.0 AND mom_10 > 0.0,714,2.6570,1.17,285,2022,8000009,no
2010,0012,run_2010/window_0012/XAUUSD_M1_run2010_w0012.mq5,XAUUSD_M1_8,rsi_21 < 30.0 AND cci_20 < -100.0 AND ma_5_lwma < close AND mom_10 > 0.0,228,3.5217,1.53,191,2025,8000012,yes
2011,0007,run_2011/window_0007/XAUUSD_M1_run2011_w0007.mq5,XAUUSD_M1_10,rsi_21 < 20.0 AND mom_10 > 0.0,362,0.6881,1.88,337,2021,8001007,no
2011,0008,run_2011/window_0008/XAUUSD_M1_run2011_w0008.mq5,XAUUSD_M1_6,rsi_21 < 20.0 AND mom_10 > 0.0,714,2.6570,1.17,285,2022,8001008,no
2011,0011,run_2011/window_0011/XAUUSD_M1_run2011_w0011.mq5,XAUUSD_M1_8,rsi_21 < 30.0 AND cci_20 < -100.0 AND ma_5_lwma < close AND mom_10 > 0.0,228,3.5217,1.53,191,2025,8001011,yes
2012,0006,run_2012/window_0006/XAUUSD_M1_run2012_w0006.mq5,XAUUSD_M1_10,rsi_21 < 20.0 AND mom_10 > 0.0,362,0.6881,1.88,337,2021,8002006,no
2012,0007,run_2012/window_0007/XAUUSD_M1_run2012_w0007.mq5,XAUUSD_M1_6,rsi_21 < 20.0 AND mom_10 > 0.0,714,2.6570,1.17,285,2022,8002007,no
2012,0010,run_2012/window_0010/XAUUSD_M1_run2012_w0010.mq5,XAUUSD_M1_8,rsi_21 < 30.0 AND cci_20 < -100.0 AND ma_5_lwma < close AND mom_10 > 0.0,228,3.5217,1.53,191,2025,8002010,yes
2013,0005,run_2013/window_0005/XAUUSD_M1_run2013_w0005.mq5,XAUUSD_M1_10,rsi_21 < 20.0 AND mom_10 > 0.0,362,0.6881,1.88,337,2021,8003005,no
2013,0006,run_2013/window_0006/XAUUSD_M1_run2013_w0006.mq5,XAUUSD_M1_6,rsi_21 < 20.0 AND mom_10 > 0.0,714,2.6570,1.17,285,2022,8003006,no
2013,0009,run_2013/window_0009/XAUUSD_M1_run2013_w0009.mq5,XAUUSD_M1_8,rsi_21 < 30.0 AND cci_20 < -100.0 AND ma_5_lwma < close AND mom_10 > 0.0,228,3.5217,1.53,191,2025,8003009,yes
2014,0004,run_2014/window_0004/XAUUSD_M1_run2014_w0004.mq5,XAUUSD_M1_10,rsi_21 < 20.0 AND mom_10 > 0.0,362,0.6881,1.88,337,2021,8004004,no
2014,0005,run_2014/window_0005/XAUUSD_M1_run2014_w0005.mq5,XAUUSD_M1_6,rsi_21 < 20.0 AND mom_10 > 0.0,714,2.6570,1.17,285,2022,8004005,no
2014,0008,run_2014/window_0008/XAUUSD_M1_run2014_w0008.mq5,XAUUSD_M1_8,rsi_21 < 30.0 AND cci_20 < -100.0 AND ma_5_lwma < close AND mom_10 > 0.0,228,3.5217,1.53,191,2025,8004008,yes
2015,0003,run_2015/window_0003/XAUUSD_M1_run2015_w0003.mq5,XAUUSD_M1_10,rsi_21 < 20.0 AND mom_10 > 0.0,362,0.6881,1.88,337,2021,8005003,no
2015,0004,run_2015/window_0004/XAUUSD_M1_run2015_w0004.mq5,XAUUSD_M1_6,rsi_21 < 20.0 AND mom_10 > 0.0,714,2.6570,1.17,285,2022,8005004,no
2015,0007,run_2015/window_0007/XAUUSD_M1_run2015_w0007.mq5,XAUUSD_M1_8,rsi_21 < 30.0 AND cci_20 < -100.0 AND ma_5_lwma < close AND mom_10 > 0.0,228,3.5217,1.53,191,2025,8005007,yes
2016,0002,run_2016/window_0002/XAUUSD_M1_run2016_w0002.mq5,XAUUSD_M1_10,rsi_21 < 20.0 AND mom_10 > 0.0,362,0.6881,1.88,337,2021,8006002,no
2016,0003,run_2016/window_0003/XAUUSD_M1_run2016_w0003.mq5,XAUUSD_M1_6,rsi_21 < 20.0 AND mom_10 > 0.0,714,2.6570,1.17,285,2022,8006003,no
2016,0006,run_2016/window_0006/XAUUSD_M1_run2016_w0006.mq5,XAUUSD_M1_8,rsi_21 < 30.0 AND cci_20 < -100.0 AND ma_5_lwma < close AND mom_10 > 0.0,228,3.5217,1.53,191,2025,8006006,yes
2017,0001,run_2017/window_0001/XAUUSD_M1_run2017_w0001.mq5,XAUUSD_M1_10,rsi_21 < 20.0 AND mom_10 > 0.0,362,0.6881,1.88,337,2021,8007001,no
2017,0002,run_2017/window_0002/XAUUSD_M1_run2017_w0002.mq5,XAUUSD_M1_6,rsi_21 < 20.0 AND mom_10 > 0.0,714,2.6570,1.17,285,2022,8007002,no
2017,0005,run_2017/window_0005/XAUUSD_M1_run2017_w0005.mq5,XAUUSD_M1_8,rsi_21 < 30.0 AND cci_20 < -100.0 AND ma_5_lwma < close AND mom_10 > 0.0,228,3.5217,1.53,191,2025,8007005,yes
2018,0000,run_2018/window_0000/XAUUSD_M1_run2018_w0000.mq5,XAUUSD_M1_10,rsi_21 < 20.0 AND mom_10 > 0.0,362,0.6881,1.88,337,2021,8008000,no
2018,0001,run_2018/window_0001/XAUUSD_M1_run2018_w0001.mq5,XAUUSD_M1_6,rsi_21 < 20.0 AND mom_10 > 0.0,714,2.6570,1.17,285,2022,8008001,no
2018,0004,run_2018/window_0004/XAUUSD_M1_run2018_w0004.mq5,XAUUSD_M1_8,rsi_21 < 30.0 AND cci_20 < -100.0 AND ma_5_lwma < close AND mom_10 > 0.0,228,3.5217,1.53,191,2025,8008004,yes
2019,0000,run_2019/window_0000/XAUUSD_M1_run2019_w0000.mq5,XAUUSD_M1_6,rsi_21 < 20.0 AND mom_10 > 0.0,714,2.6570,1.17,285,2022,8009000,no
2019,0003,run_2019/window_0003/XAUUSD_M1_run2019_w0003.mq5,XAUUSD_M1_8,rsi_21 < 30.0 AND cci_20 < -100.0 AND ma_5_lwma < close AND mom_10 > 0.0,228,3.5217,1.53,191,2025,8009003,yes
2020,0002,run_2020/window_0002/XAUUSD_M1_run2020_w0002.mq5,XAUUSD_M1_8,rsi_21 < 30.0 AND cci_20 < -100.0 AND ma_5_lwma < close AND mom_10 > 0.0,228,3.5217,1.53,191,2025,8010002,yes
2021,0001,run_2021/window_0001/XAUUSD_M1_run2021_w0001.mq5,XAUUSD_M1_8,rsi_21 < 30.0 AND cci_20 < -100.0 AND ma_5_lwma < close AND mom_10 > 0.0,228,3.5217,1.53,191,2025,8011001,yes
