run,window,test_year,file,edge_id,condition,holding_bars,test_expectancy_r,test_PF,test_n_trades,magic
run_2010,window_0000,2013,EURUSD_M15_run2010_w0000.mq5,EURUSD_M15_1,rsi_14 > 70.0,47,0.0135,1.04,1080,71010000
run_2010,window_0002,2015,EURUSD_M15_run2010_w0002.mq5,EURUSD_M15_26,rsi_14 > 70.0 AND stoch_14_3_3_k > 80.0,48,0.6144,1.33,830,71010002
run_2010,window_0003,2016,EURUSD_M15_run2010_w0003.mq5,EURUSD_M15_117,rsi_14 > 75.0 AND stoch_14_3_3_k > 80.0 AND cci_14 > 100.0,48,0.4726,1.27,301,71010003
run_2010,window_0005,2018,EURUSD_M15_run2010_w0005.mq5,EURUSD_M15_3,rsi_7 > 80.0,37,0.6798,1.49,730,71010005
run_2010,window_0006,2019,EURUSD_M15_run2010_w0006.mq5,EURUSD_M15_16,rsi_14 > 80.0 AND mom_10 > 0.0,18,0.2909,1.3,105,71010006
run_2010,window_0009,2022,EURUSD_M15_run2010_w0009.mq5,EURUSD_M15_76,rsi_14 > 70.0 AND cci_20 > 100.0 AND stoch_5_3_3_k > 80.0 AND mom_10 > 0.0,39,0.5335,1.44,681,71010009
run_2010,window_0011,2024,EURUSD_M15_run2010_w0011.mq5,EURUSD_M15_36,rsi_7 > 75.0 AND stoch_5_3_3_k > 80.0,48,0.3459,1.29,1209,71010011
run_2011,window_0001,2015,EURUSD_M15_run2011_w0001.mq5,EURUSD_M15_26,rsi_14 > 70.0 AND stoch_14_3_3_k > 80.0,48,0.6144,1.33,830,71011001
run_2011,window_0002,2016,EURUSD_M15_run2011_w0002.mq5,EURUSD_M15_117,rsi_14 > 75.0 AND stoch_14_3_3_k > 80.0 AND cci_14 > 100.0,48,0.4726,1.27,301,71011002
run_2011,window_0004,2018,EURUSD_M15_run2011_w0004.mq5,EURUSD_M15_3,rsi_7 > 80.0,37,0.6798,1.49,730,71011004
run_2011,window_0005,2019,EURUSD_M15_run2011_w0005.mq5,EURUSD_M15_16,rsi_14 > 80.0 AND mom_10 > 0.0,18,0.2909,1.3,105,71011005
run_2011,window_0008,2022,EURUSD_M15_run2011_w0008.mq5,EURUSD_M15_76,rsi_14 > 70.0 AND cci_20 > 100.0 AND stoch_5_3_3_k > 80.0 AND mom_10 > 0.0,39,0.5335,1.44,681,71011008
run_2011,window_0010,2024,EURUSD_M15_run2011_w0010.mq5,EURUSD_M15_36,rsi_7 > 75.0 AND stoch_5_3_3_k > 80.0,48,0.3459,1.29,1209,71011010
run_2012,window_0000,2015,EURUSD_M15_run2012_w0000.mq5,EURUSD_M15_26,rsi_14 > 70.0 AND stoch_14_3_3_k > 80.0,48,0.6144,1.33,830,71012000
run_2012,window_0001,2016,EURUSD_M15_run2012_w0001.mq5,EURUSD_M15_117,rsi_14 > 75.0 AND stoch_14_3_3_k > 80.0 AND cci_14 > 100.0,48,0.4726,1.27,301,71012001
run_2012,window_0003,2018,EURUSD_M15_run2012_w0003.mq5,EURUSD_M15_3,rsi_7 > 80.0,37,0.6798,1.49,730,71012003
run_2012,window_0004,2019,EURUSD_M15_run2012_w0004.mq5,EURUSD_M15_16,rsi_14 > 80.0 AND mom_10 > 0.0,18,0.2909,1.3,105,71012004
run_2012,window_0007,2022,EURUSD_M15_run2012_w0007.mq5,EURUSD_M15_76,rsi_14 > 70.0 AND cci_20 > 100.0 AND stoch_5_3_3_k > 80.0 AND mom_10 > 0.0,39,0.5335,1.44,681,71012007
run_2012,window_0009,2024,EURUSD_M15_run2012_w0009.mq5,EURUSD_M15_36,rsi_7 > 75.0 AND stoch_5_3_3_k > 80.0,48,0.3459,1.29,1209,71012009
run_2013,window_0000,2016,EURUSD_M15_run2013_w0000.mq5,EURUSD_M15_117,rsi_14 > 75.0 AND stoch_14_3_3_k > 80.0 AND cci_14 > 100.0,48,0.4726,1.27,301,71013000
run_2013,window_0002,2018,EURUSD_M15_run2013_w0002.mq5,EURUSD_M15_3,rsi_7 > 80.0,37,0.6798,1.49,730,71013002
run_2013,window_0003,2019,EURUSD_M15_run2013_w0003.mq5,EURUSD_M15_16,rsi_14 > 80.0 AND mom_10 > 0.0,18,0.2909,1.3,105,71013003
run_2013,window_0006,2022,EURUSD_M15_run2013_w0006.mq5,EURUSD_M15_76,rsi_14 > 70.0 AND cci_20 > 100.0 AND stoch_5_3_3_k > 80.0 AND mom_10 > 0.0,39,0.5335,1.44,681,71013006
run_2013,window_0008,2024,EURUSD_M15_run2013_w0008.mq5,EURUSD_M15_36,rsi_7 > 75.0 AND stoch_5_3_3_k > 80.0,48,0.3459,1.29,1209,71013008
run_2014,window_0001,2018,EURUSD_M15_run2014_w0001.mq5,EURUSD_M15_3,rsi_7 > 80.0,37,0.6798,1.49,730,71014001
run_2014,window_0002,2019,EURUSD_M15_run2014_w0002.mq5,EURUSD_M15_16,rsi_14 > 80.0 AND mom_10 > 0.0,18,0.2909,1.3,105,71014002
run_2014,window_0005,2022,EURUSD_M15_run2014_w0005.mq5,EURUSD_M15_76,rsi_14 > 70.0 AND cci_20 > 100.0 AND stoch_5_3_3_k > 80.0 AND mom_10 > 0.0,39,0.5335,1.44,681,71014005
run_2014,window_0007,2024,EURUSD_M15_run2014_w0007.mq5,EURUSD_M15_36,rsi_7 > 75.0 AND stoch_5_3_3_k > 80.0,48,0.3459,1.29,1209,71014007
run_2015,window_0000,2018,EURUSD_M15_run2015_w0000.mq5,EURUSD_M15_3,rsi_7 > 80.0,37,0.6798,1.49,730,71015000
run_2015,window_0001,2019,EURUSD_M15_run2015_w0001.mq5,EURUSD_M15_16,rsi_14 > 80.0 AND mom_10 > 0.0,18,0.2909,1.3,105,71015001
run_2015,window_0004,2022,EURUSD_M15_run2015_w0004.mq5,EURUSD_M15_76,rsi_14 > 70.0 AND cci_20 > 100.0 AND stoch_5_3_3_k > 80.0 AND mom_10 > 0.0,39,0.5335,1.44,681,71015004
run_2015,window_0006,2024,EURUSD_M15_run2015_w0006.mq5,EURUSD_M15_36,rsi_7 > 75.0 AND stoch_5_3_3_k > 80.0,48,0.3459,1.29,1209,71015006
run_2016,window_0000,2019,EURUSD_M15_run2016_w0000.mq5,EURUSD_M15_16,rsi_14 > 80.0 AND mom_10 > 0.0,18,0.2909,1.3,105,71016000
run_2016,window_0003,2022,EURUSD_M15_run2016_w0003.mq5,EURUSD_M15_76,rsi_14 > 70.0 AND cci_20 > 100.0 AND stoch_5_3_3_k > 80.0 AND mom_10 > 0.0,39,0.5335,1.44,681,71016003
run_2016,window_0005,2024,EURUSD_M15_run2016_w0005.mq5,EURUSD_M15_36,rsi_7 > 75.0 AND stoch_5_3_3_k > 80.0,48,0.3459,1.29,1209,71016005
run_2017,window_0002,2022,EURUSD_M15_run2017_w0002.mq5,EURUSD_M15_76,rsi_14 > 70.0 AND cci_20 > 100.0 AND stoch_5_3_3_k > 80.0 AND mom_10 > 0.0,39,0.5335,1.44,681,71017002
run_2017,window_0004,2024,EURUSD_M15_run2017_w0004.mq5,EURUSD_M15_36,rsi_7 > 75.0 AND stoch_5_3_3_k > 80.0,48,0.3459,1.29,1209,71017004
run_2018,window_0001,2022,EURUSD_M15_run2018_w0001.mq5,EURUSD_M15_76,rsi_14 > 70.0 AND cci_20 > 100.0 AND stoch_5_3_3_k > 80.0 AND mom_10 > 0.0,39,0.5335,1.44,681,71018001
run_2018,window_0003,2024,EURUSD_M15_run2018_w0003.mq5,EURUSD_M15_36,rsi_7 > 75.0 AND stoch_5_3_3_k > 80.0,48,0.3459,1.29,1209,71018003
run_2019,window_0000,2022,EURUSD_M15_run2019_w0000.mq5,EURUSD_M15_76,rsi_14 > 70.0 AND cci_20 > 100.0 AND stoch_5_3_3_k > 80.0 AND mom_10 > 0.0,39,0.5335,1.44,681,71019000
run_2019,window_0002,2024,EURUSD_M15_run2019_w0002.mq5,EURUSD_M15_36,rsi_7 > 75.0 AND stoch_5_3_3_k > 80.0,48,0.3459,1.29,1209,71019002
run_2020,window_0001,2024,EURUSD_M15_run2020_w0001.mq5,EURUSD_M15_36,rsi_7 > 75.0 AND stoch_5_3_3_k > 80.0,48,0.3459,1.29,1209,71020001
run_2021,window_0000,2024,EURUSD_M15_run2021_w0000.mq5,EURUSD_M15_36,rsi_7 > 75.0 AND stoch_5_3_3_k > 80.0,48,0.3459,1.29,1209,71021000
